WorkloadId,Status,Instance,Region,Mode,Created,Completed,QPU,Usage (seconds),User,Tags,Account
d5nsivph2mqc739ce3mg,completed,crn:v1:bluemix:public:quantum-computing:us-east:a/c599629df45c4794a55daad4835d0856:b209ad37-f8fb-4fc5-9541-0ffc4f4fb7bf::,us-east,job,2026-01-20T18:29:19.603Z,2026-01-20T18:30:22.693Z,ibm_fez,2,Laura Azares,,c599629df45c4794a55daad4835d0856
d5nsivph2mqc739ce3m0,completed,crn:v1:bluemix:public:quantum-computing:us-east:a/c599629df45c4794a55daad4835d0856:b209ad37-f8fb-4fc5-9541-0ffc4f4fb7bf::,us-east,job,2026-01-20T18:29:19.023Z,2026-01-20T18:30:21.422Z,ibm_fez,1,Laura Azares,,c599629df45c4794a55daad4835d0856
d5nsivl9j2ac739mcei0,completed,crn:v1:bluemix:public:quantum-computing:us-east:a/c599629df45c4794a55daad4835d0856:b209ad37-f8fb-4fc5-9541-0ffc4f4fb7bf::,us-east,job,2026-01-20T18:29:18.459Z,2026-01-20T18:30:20.597Z,ibm_fez,1,Laura Azares,,c599629df45c4794a55daad4835d0856
d5nsivc8d8hc73ci6aj0,completed,crn:v1:bluemix:public:quantum-computing:us-east:a/c599629df45c4794a55daad4835d0856:b209ad37-f8fb-4fc5-9541-0ffc4f4fb7bf::,us-east,job,2026-01-20T18:29:17.954Z,2026-01-20T18:30:19.639Z,ibm_fez,1,Laura Azares,,c599629df45c4794a55daad4835d0856
d5nsivc8d8hc73ci6aig,completed,crn:v1:bluemix:public:quantum-computing:us-east:a/c599629df45c4794a55daad4835d0856:b209ad37-f8fb-4fc5-9541-0ffc4f4fb7bf::,us-east,job,2026-01-20T18:29:17.409Z,2026-01-20T18:30:18.648Z,ibm_fez,1,Laura Azares,,c599629df45c4794a55daad4835d0856
d5nsiv48d8hc73ci6ai0,completed,crn:v1:bluemix:public:quantum-computing:us-east:a/c599629df45c4794a55daad4835d0856:b209ad37-f8fb-4fc5-9541-0ffc4f4fb7bf::,us-east,job,2026-01-20T18:29:16.838Z,2026-01-20T18:30:17.786Z,ibm_fez,1,Laura Azares,,c599629df45c4794a55daad4835d0856
d5nsiurh36vs73bjnjn0,completed,crn:v1:bluemix:public:quantum-computing:us-east:a/c599629df45c4794a55daad4835d0856:b209ad37-f8fb-4fc5-9541-0ffc4f4fb7bf::,us-east,job,2026-01-20T18:29:15.981Z,2026-01-20T18:30:16.734Z,ibm_fez,1,Laura Azares,,c599629df45c4794a55daad4835d0856
d5nsiurh36vs73bjnjm0,completed,crn:v1:bluemix:public:quantum-computing:us-east:a/c599629df45c4794a55daad4835d0856:b209ad37-f8fb-4fc5-9541-0ffc4f4fb7bf::,us-east,job,2026-01-20T18:29:15.429Z,2026-01-20T18:30:15.856Z,ibm_fez,1,Laura Azares,,c599629df45c4794a55daad4835d0856
d5nsiuhh2mqc739ce3kg,completed,crn:v1:bluemix:public:quantum-computing:us-east:a/c599629df45c4794a55daad4835d0856:b209ad37-f8fb-4fc5-9541-0ffc4f4fb7bf::,us-east,job,2026-01-20T18:29:14.875Z,2026-01-20T18:30:15.007Z,ibm_fez,1,Laura Azares,,c599629df45c4794a55daad4835d0856
d5nsiul9j2ac739mcegg,completed,crn:v1:bluemix:public:quantum-computing:us-east:a/c599629df45c4794a55daad4835d0856:b209ad37-f8fb-4fc5-9541-0ffc4f4fb7bf::,us-east,job,2026-01-20T18:29:14.345Z,2026-01-20T18:30:14.188Z,ibm_fez,1,Laura Azares,,c599629df45c4794a55daad4835d0856
d5nsiubh36vs73bjnjk0,completed,crn:v1:bluemix:public:quantum-computing:us-east:a/c599629df45c4794a55daad4835d0856:b209ad37-f8fb-4fc5-9541-0ffc4f4fb7bf::,us-east,job,2026-01-20T18:29:13.807Z,2026-01-20T18:30:13.183Z,ibm_fez,1,Laura Azares,,c599629df45c4794a55daad4835d0856
d5nsiuc8d8hc73ci6af0,completed,crn:v1:bluemix:public:quantum-computing:us-east:a/c599629df45c4794a55daad4835d0856:b209ad37-f8fb-4fc5-9541-0ffc4f4fb7bf::,us-east,job,2026-01-20T18:29:13.281Z,2026-01-20T18:30:12.277Z,ibm_fez,1,Laura Azares,,c599629df45c4794a55daad4835d0856
d5nsiu48d8hc73ci6adg,completed,crn:v1:bluemix:public:quantum-computing:us-east:a/c599629df45c4794a55daad4835d0856:b209ad37-f8fb-4fc5-9541-0ffc4f4fb7bf::,us-east,job,2026-01-20T18:29:12.703Z,2026-01-20T18:30:11.371Z,ibm_fez,1,Laura Azares,,c599629df45c4794a55daad4835d0856
d5nsiu48d8hc73ci6ad0,completed,crn:v1:bluemix:public:quantum-computing:us-east:a/c599629df45c4794a55daad4835d0856:b209ad37-f8fb-4fc5-9541-0ffc4f4fb7bf::,us-east,job,2026-01-20T18:29:12.162Z,2026-01-20T18:30:10.419Z,ibm_fez,1,Laura Azares,,c599629df45c4794a55daad4835d0856
d5nsitrh36vs73bjnjhg,completed,crn:v1:bluemix:public:quantum-computing:us-east:a/c599629df45c4794a55daad4835d0856:b209ad37-f8fb-4fc5-9541-0ffc4f4fb7bf::,us-east,job,2026-01-20T18:29:11.549Z,2026-01-20T18:30:09.534Z,ibm_fez,1,Laura Azares,,c599629df45c4794a55daad4835d0856
d5nsitjh36vs73bjnjh0,completed,crn:v1:bluemix:public:quantum-computing:us-east:a/c599629df45c4794a55daad4835d0856:b209ad37-f8fb-4fc5-9541-0ffc4f4fb7bf::,us-east,job,2026-01-20T18:29:10.938Z,2026-01-20T18:30:08.621Z,ibm_fez,1,Laura Azares,,c599629df45c4794a55daad4835d0856
d5nsithh2mqc739ce3ig,completed,crn:v1:bluemix:public:quantum-computing:us-east:a/c599629df45c4794a55daad4835d0856:b209ad37-f8fb-4fc5-9541-0ffc4f4fb7bf::,us-east,job,2026-01-20T18:29:10.311Z,2026-01-20T18:30:07.476Z,ibm_fez,1,Laura Azares,,c599629df45c4794a55daad4835d0856
d5nsitc8d8hc73ci6aag,completed,crn:v1:bluemix:public:quantum-computing:us-east:a/c599629df45c4794a55daad4835d0856:b209ad37-f8fb-4fc5-9541-0ffc4f4fb7bf::,us-east,job,2026-01-20T18:29:09.700Z,2026-01-20T18:30:06.396Z,ibm_fez,1,Laura Azares,,c599629df45c4794a55daad4835d0856
d5nsitbh36vs73bjnjfg,completed,crn:v1:bluemix:public:quantum-computing:us-east:a/c599629df45c4794a55daad4835d0856:b209ad37-f8fb-4fc5-9541-0ffc4f4fb7bf::,us-east,job,2026-01-20T18:29:09.054Z,2026-01-20T18:30:05.209Z,ibm_fez,1,Laura Azares,,c599629df45c4794a55daad4835d0856
d5nsit3h36vs73bjnjf0,completed,crn:v1:bluemix:public:quantum-computing:us-east:a/c599629df45c4794a55daad4835d0856:b209ad37-f8fb-4fc5-9541-0ffc4f4fb7bf::,us-east,job,2026-01-20T18:29:08.480Z,2026-01-20T18:30:03.514Z,ibm_fez,1,Laura Azares,,c599629df45c4794a55daad4835d0856
d5nsiss8d8hc73ci6aa0,completed,crn:v1:bluemix:public:quantum-computing:us-east:a/c599629df45c4794a55daad4835d0856:b209ad37-f8fb-4fc5-9541-0ffc4f4fb7bf::,us-east,job,2026-01-20T18:29:07.839Z,2026-01-20T18:30:02.434Z,ibm_fez,1,Laura Azares,,c599629df45c4794a55daad4835d0856
d5nsiss8d8hc73ci6a90,completed,crn:v1:bluemix:public:quantum-computing:us-east:a/c599629df45c4794a55daad4835d0856:b209ad37-f8fb-4fc5-9541-0ffc4f4fb7bf::,us-east,job,2026-01-20T18:29:07.139Z,2026-01-20T18:30:01.871Z,ibm_fez,1,Laura Azares,,c599629df45c4794a55daad4835d0856
d5nsisjh36vs73bjnjd0,completed,crn:v1:bluemix:public:quantum-computing:us-east:a/c599629df45c4794a55daad4835d0856:b209ad37-f8fb-4fc5-9541-0ffc4f4fb7bf::,us-east,job,2026-01-20T18:29:06.582Z,2026-01-20T18:30:00.914Z,ibm_fez,1,Laura Azares,,c599629df45c4794a55daad4835d0856
d5nsisd9j2ac739mcec0,completed,crn:v1:bluemix:public:quantum-computing:us-east:a/c599629df45c4794a55daad4835d0856:b209ad37-f8fb-4fc5-9541-0ffc4f4fb7bf::,us-east,job,2026-01-20T18:29:06.004Z,2026-01-20T18:29:19.069Z,ibm_fez,1,Laura Azares,,c599629df45c4794a55daad4835d0856
d5nsis9h2mqc739ce3f0,completed,crn:v1:bluemix:public:quantum-computing:us-east:a/c599629df45c4794a55daad4835d0856:b209ad37-f8fb-4fc5-9541-0ffc4f4fb7bf::,us-east,job,2026-01-20T18:29:05.463Z,2026-01-20T18:29:18.519Z,ibm_fez,1,Laura Azares,,c599629df45c4794a55daad4835d0856
d5nsis3h36vs73bjnjc0,completed,crn:v1:bluemix:public:quantum-computing:us-east:a/c599629df45c4794a55daad4835d0856:b209ad37-f8fb-4fc5-9541-0ffc4f4fb7bf::,us-east,job,2026-01-20T18:29:04.886Z,2026-01-20T18:29:15.557Z,ibm_fez,1,Laura Azares,,c599629df45c4794a55daad4835d0856
d5nsis1h2mqc739ce3d0,completed,crn:v1:bluemix:public:quantum-computing:us-east:a/c599629df45c4794a55daad4835d0856:b209ad37-f8fb-4fc5-9541-0ffc4f4fb7bf::,us-east,job,2026-01-20T18:29:04.303Z,2026-01-20T18:29:13.750Z,ibm_fez,1,Laura Azares,,c599629df45c4794a55daad4835d0856
d5nsirt9j2ac739mce9g,completed,crn:v1:bluemix:public:quantum-computing:us-east:a/c599629df45c4794a55daad4835d0856:b209ad37-f8fb-4fc5-9541-0ffc4f4fb7bf::,us-east,job,2026-01-20T18:29:03.676Z,2026-01-20T18:29:12.861Z,ibm_fez,1,Laura Azares,,c599629df45c4794a55daad4835d0856
d5nsirph2mqc739ce3cg,completed,crn:v1:bluemix:public:quantum-computing:us-east:a/c599629df45c4794a55daad4835d0856:b209ad37-f8fb-4fc5-9541-0ffc4f4fb7bf::,us-east,job,2026-01-20T18:29:03.125Z,2026-01-20T18:29:11.690Z,ibm_fez,1,Laura Azares,,c599629df45c4794a55daad4835d0856
d5nsirl9j2ac739mce90,completed,crn:v1:bluemix:public:quantum-computing:us-east:a/c599629df45c4794a55daad4835d0856:b209ad37-f8fb-4fc5-9541-0ffc4f4fb7bf::,us-east,job,2026-01-20T18:29:02.521Z,2026-01-20T18:29:10.968Z,ibm_fez,1,Laura Azares,,c599629df45c4794a55daad4835d0856
d5nsird9j2ac739mce80,completed,crn:v1:bluemix:public:quantum-computing:us-east:a/c599629df45c4794a55daad4835d0856:b209ad37-f8fb-4fc5-9541-0ffc4f4fb7bf::,us-east,job,2026-01-20T18:29:01.582Z,2026-01-20T18:29:10.027Z,ibm_fez,1,Laura Azares,,c599629df45c4794a55daad4835d0856
d5nsir1h2mqc739ce3bg,completed,crn:v1:bluemix:public:quantum-computing:us-east:a/c599629df45c4794a55daad4835d0856:b209ad37-f8fb-4fc5-9541-0ffc4f4fb7bf::,us-east,job,2026-01-20T18:29:00.948Z,2026-01-20T18:29:09.227Z,ibm_fez,1,Laura Azares,,c599629df45c4794a55daad4835d0856
d5nsir48d8hc73ci6a70,completed,crn:v1:bluemix:public:quantum-computing:us-east:a/c599629df45c4794a55daad4835d0856:b209ad37-f8fb-4fc5-9541-0ffc4f4fb7bf::,us-east,job,2026-01-20T18:29:00.399Z,2026-01-20T18:29:08.321Z,ibm_fez,1,Laura Azares,,c599629df45c4794a55daad4835d0856
d5nsiqph2mqc739ce3ag,completed,crn:v1:bluemix:public:quantum-computing:us-east:a/c599629df45c4794a55daad4835d0856:b209ad37-f8fb-4fc5-9541-0ffc4f4fb7bf::,us-east,job,2026-01-20T18:28:59.749Z,2026-01-20T18:29:07.499Z,ibm_fez,1,Laura Azares,,c599629df45c4794a55daad4835d0856
d5nsiqrh36vs73bjnj8g,completed,crn:v1:bluemix:public:quantum-computing:us-east:a/c599629df45c4794a55daad4835d0856:b209ad37-f8fb-4fc5-9541-0ffc4f4fb7bf::,us-east,job,2026-01-20T18:28:59.067Z,2026-01-20T18:29:06.463Z,ibm_fez,1,Laura Azares,,c599629df45c4794a55daad4835d0856
d5nsiqhh2mqc739ce39g,completed,crn:v1:bluemix:public:quantum-computing:us-east:a/c599629df45c4794a55daad4835d0856:b209ad37-f8fb-4fc5-9541-0ffc4f4fb7bf::,us-east,job,2026-01-20T18:28:58.482Z,2026-01-20T18:29:05.666Z,ibm_fez,1,Laura Azares,,c599629df45c4794a55daad4835d0856
d5nsiqbh36vs73bjnj80,completed,crn:v1:bluemix:public:quantum-computing:us-east:a/c599629df45c4794a55daad4835d0856:b209ad37-f8fb-4fc5-9541-0ffc4f4fb7bf::,us-east,job,2026-01-20T18:28:57.928Z,2026-01-20T18:29:05.035Z,ibm_fez,1,Laura Azares,,c599629df45c4794a55daad4835d0856
d5nsiqd9j2ac739mce50,completed,crn:v1:bluemix:public:quantum-computing:us-east:a/c599629df45c4794a55daad4835d0856:b209ad37-f8fb-4fc5-9541-0ffc4f4fb7bf::,us-east,job,2026-01-20T18:28:57.357Z,2026-01-20T18:29:03.955Z,ibm_fez,1,Laura Azares,,c599629df45c4794a55daad4835d0856
d5nsiq1h2mqc739ce380,completed,crn:v1:bluemix:public:quantum-computing:us-east:a/c599629df45c4794a55daad4835d0856:b209ad37-f8fb-4fc5-9541-0ffc4f4fb7bf::,us-east,job,2026-01-20T18:28:56.780Z,2026-01-20T18:29:03.529Z,ibm_fez,1,Laura Azares,,c599629df45c4794a55daad4835d0856
d5nsiq59j2ac739mce40,completed,crn:v1:bluemix:public:quantum-computing:us-east:a/c599629df45c4794a55daad4835d0856:b209ad37-f8fb-4fc5-9541-0ffc4f4fb7bf::,us-east,job,2026-01-20T18:28:56.235Z,2026-01-20T18:29:02.206Z,ibm_fez,1,Laura Azares,,c599629df45c4794a55daad4835d0856
d5nsips8d8hc73ci6a5g,completed,crn:v1:bluemix:public:quantum-computing:us-east:a/c599629df45c4794a55daad4835d0856:b209ad37-f8fb-4fc5-9541-0ffc4f4fb7bf::,us-east,job,2026-01-20T18:28:55.681Z,2026-01-20T18:29:00.345Z,ibm_fez,1,Laura Azares,,c599629df45c4794a55daad4835d0856
d5nsipl9j2ac739mce3g,completed,crn:v1:bluemix:public:quantum-computing:us-east:a/c599629df45c4794a55daad4835d0856:b209ad37-f8fb-4fc5-9541-0ffc4f4fb7bf::,us-east,job,2026-01-20T18:28:54.916Z,2026-01-20T18:28:59.529Z,ibm_fez,1,Laura Azares,,c599629df45c4794a55daad4835d0856
d5nsipl9j2ac739mce2g,completed,crn:v1:bluemix:public:quantum-computing:us-east:a/c599629df45c4794a55daad4835d0856:b209ad37-f8fb-4fc5-9541-0ffc4f4fb7bf::,us-east,job,2026-01-20T18:28:54.271Z,2026-01-20T18:28:58.733Z,ibm_fez,1,Laura Azares,,c599629df45c4794a55daad4835d0856
d5nsipbh36vs73bjnj5g,completed,crn:v1:bluemix:public:quantum-computing:us-east:a/c599629df45c4794a55daad4835d0856:b209ad37-f8fb-4fc5-9541-0ffc4f4fb7bf::,us-east,job,2026-01-20T18:28:53.626Z,2026-01-20T18:28:57.672Z,ibm_fez,1,Laura Azares,,c599629df45c4794a55daad4835d0856
d5nsip3h36vs73bjnj40,completed,crn:v1:bluemix:public:quantum-computing:us-east:a/c599629df45c4794a55daad4835d0856:b209ad37-f8fb-4fc5-9541-0ffc4f4fb7bf::,us-east,job,2026-01-20T18:28:52.742Z,2026-01-20T18:28:56.992Z,ibm_fez,1,Laura Azares,,c599629df45c4794a55daad4835d0856
d5npf7s8d8hc73ci2oj0,pending,crn:v1:bluemix:public:quantum-computing:us-east:a/c599629df45c4794a55daad4835d0856:b209ad37-f8fb-4fc5-9541-0ffc4f4fb7bf::,us-east,job,2026-01-20T14:56:31.638Z,,ibm_fez,0,Laura Azares,,c599629df45c4794a55daad4835d0856
d5npf7s8d8hc73ci2oi0,pending,crn:v1:bluemix:public:quantum-computing:us-east:a/c599629df45c4794a55daad4835d0856:b209ad37-f8fb-4fc5-9541-0ffc4f4fb7bf::,us-east,job,2026-01-20T14:56:31.054Z,,ibm_fez,0,Laura Azares,,c599629df45c4794a55daad4835d0856
d5npf7l9j2ac739m8srg,pending,crn:v1:bluemix:public:quantum-computing:us-east:a/c599629df45c4794a55daad4835d0856:b209ad37-f8fb-4fc5-9541-0ffc4f4fb7bf::,us-east,job,2026-01-20T14:56:30.410Z,,ibm_fez,0,Laura Azares,,c599629df45c4794a55daad4835d0856
d5npf7c8d8hc73ci2ogg,pending,crn:v1:bluemix:public:quantum-computing:us-east:a/c599629df45c4794a55daad4835d0856:b209ad37-f8fb-4fc5-9541-0ffc4f4fb7bf::,us-east,job,2026-01-20T14:56:29.775Z,,ibm_fez,0,Laura Azares,,c599629df45c4794a55daad4835d0856
d5npf79h2mqc739caie0,pending,crn:v1:bluemix:public:quantum-computing:us-east:a/c599629df45c4794a55daad4835d0856:b209ad37-f8fb-4fc5-9541-0ffc4f4fb7bf::,us-east,job,2026-01-20T14:56:29.085Z,,ibm_fez,0,Laura Azares,,c599629df45c4794a55daad4835d0856
d5npf748d8hc73ci2og0,pending,crn:v1:bluemix:public:quantum-computing:us-east:a/c599629df45c4794a55daad4835d0856:b209ad37-f8fb-4fc5-9541-0ffc4f4fb7bf::,us-east,job,2026-01-20T14:56:28.522Z,,ibm_fez,0,Laura Azares,,c599629df45c4794a55daad4835d0856
d5npf6rh36vs73bjk1dg,pending,crn:v1:bluemix:public:quantum-computing:us-east:a/c599629df45c4794a55daad4835d0856:b209ad37-f8fb-4fc5-9541-0ffc4f4fb7bf::,us-east,job,2026-01-20T14:56:27.966Z,,ibm_fez,0,Laura Azares,,c599629df45c4794a55daad4835d0856
d5npf6hh2mqc739caibg,pending,crn:v1:bluemix:public:quantum-computing:us-east:a/c599629df45c4794a55daad4835d0856:b209ad37-f8fb-4fc5-9541-0ffc4f4fb7bf::,us-east,job,2026-01-20T14:56:27.409Z,,ibm_fez,0,Laura Azares,,c599629df45c4794a55daad4835d0856
d5npf6hh2mqc739caia0,pending,crn:v1:bluemix:public:quantum-computing:us-east:a/c599629df45c4794a55daad4835d0856:b209ad37-f8fb-4fc5-9541-0ffc4f4fb7bf::,us-east,job,2026-01-20T14:56:26.403Z,,ibm_fez,0,Laura Azares,,c599629df45c4794a55daad4835d0856
d5npf6c8d8hc73ci2oe0,pending,crn:v1:bluemix:public:quantum-computing:us-east:a/c599629df45c4794a55daad4835d0856:b209ad37-f8fb-4fc5-9541-0ffc4f4fb7bf::,us-east,job,2026-01-20T14:56:25.858Z,,ibm_fez,0,Laura Azares,,c599629df45c4794a55daad4835d0856
d5npf6d9j2ac739m8sq0,pending,crn:v1:bluemix:public:quantum-computing:us-east:a/c599629df45c4794a55daad4835d0856:b209ad37-f8fb-4fc5-9541-0ffc4f4fb7bf::,us-east,job,2026-01-20T14:56:25.298Z,,ibm_fez,0,Laura Azares,,c599629df45c4794a55daad4835d0856
d5npf63h36vs73bjk1c0,pending,crn:v1:bluemix:public:quantum-computing:us-east:a/c599629df45c4794a55daad4835d0856:b209ad37-f8fb-4fc5-9541-0ffc4f4fb7bf::,us-east,job,2026-01-20T14:56:24.772Z,,ibm_fez,0,Laura Azares,,c599629df45c4794a55daad4835d0856
d5npf61h2mqc739cai80,pending,crn:v1:bluemix:public:quantum-computing:us-east:a/c599629df45c4794a55daad4835d0856:b209ad37-f8fb-4fc5-9541-0ffc4f4fb7bf::,us-east,job,2026-01-20T14:56:24.219Z,,ibm_fez,0,Laura Azares,,c599629df45c4794a55daad4835d0856
d5npf5rh36vs73bjk1a0,pending,crn:v1:bluemix:public:quantum-computing:us-east:a/c599629df45c4794a55daad4835d0856:b209ad37-f8fb-4fc5-9541-0ffc4f4fb7bf::,us-east,job,2026-01-20T14:56:23.403Z,,ibm_fez,0,Laura Azares,,c599629df45c4794a55daad4835d0856
d5npf5jh36vs73bjk19g,pending,crn:v1:bluemix:public:quantum-computing:us-east:a/c599629df45c4794a55daad4835d0856:b209ad37-f8fb-4fc5-9541-0ffc4f4fb7bf::,us-east,job,2026-01-20T14:56:22.821Z,,ibm_fez,0,Laura Azares,,c599629df45c4794a55daad4835d0856
d5npf5hh2mqc739cai6g,pending,crn:v1:bluemix:public:quantum-computing:us-east:a/c599629df45c4794a55daad4835d0856:b209ad37-f8fb-4fc5-9541-0ffc4f4fb7bf::,us-east,job,2026-01-20T14:56:22.249Z,,ibm_fez,0,Laura Azares,,c599629df45c4794a55daad4835d0856
d5npf59h2mqc739cai60,pending,crn:v1:bluemix:public:quantum-computing:us-east:a/c599629df45c4794a55daad4835d0856:b209ad37-f8fb-4fc5-9541-0ffc4f4fb7bf::,us-east,job,2026-01-20T14:56:21.441Z,,ibm_fez,0,Laura Azares,,c599629df45c4794a55daad4835d0856
d5npf548d8hc73ci2ob0,pending,crn:v1:bluemix:public:quantum-computing:us-east:a/c599629df45c4794a55daad4835d0856:b209ad37-f8fb-4fc5-9541-0ffc4f4fb7bf::,us-east,job,2026-01-20T14:56:20.836Z,,ibm_fez,0,Laura Azares,,c599629df45c4794a55daad4835d0856
d5npf53h36vs73bjk17g,pending,crn:v1:bluemix:public:quantum-computing:us-east:a/c599629df45c4794a55daad4835d0856:b209ad37-f8fb-4fc5-9541-0ffc4f4fb7bf::,us-east,job,2026-01-20T14:56:20.237Z,,ibm_fez,0,Laura Azares,,c599629df45c4794a55daad4835d0856
d5npf4t9j2ac739m8sng,pending,crn:v1:bluemix:public:quantum-computing:us-east:a/c599629df45c4794a55daad4835d0856:b209ad37-f8fb-4fc5-9541-0ffc4f4fb7bf::,us-east,job,2026-01-20T14:56:19.497Z,,ibm_fez,0,Laura Azares,,c599629df45c4794a55daad4835d0856
d5npf4jh36vs73bjk170,pending,crn:v1:bluemix:public:quantum-computing:us-east:a/c599629df45c4794a55daad4835d0856:b209ad37-f8fb-4fc5-9541-0ffc4f4fb7bf::,us-east,job,2026-01-20T14:56:18.968Z,,ibm_fez,0,Laura Azares,,c599629df45c4794a55daad4835d0856
d5npf4k8d8hc73ci2o90,pending,crn:v1:bluemix:public:quantum-computing:us-east:a/c599629df45c4794a55daad4835d0856:b209ad37-f8fb-4fc5-9541-0ffc4f4fb7bf::,us-east,job,2026-01-20T14:56:18.397Z,,ibm_fez,0,Laura Azares,,c599629df45c4794a55daad4835d0856
d5npf4c8d8hc73ci2o8g,pending,crn:v1:bluemix:public:quantum-computing:us-east:a/c599629df45c4794a55daad4835d0856:b209ad37-f8fb-4fc5-9541-0ffc4f4fb7bf::,us-east,job,2026-01-20T14:56:17.808Z,,ibm_fez,0,Laura Azares,,c599629df45c4794a55daad4835d0856
d5npf4bh36vs73bjk160,pending,crn:v1:bluemix:public:quantum-computing:us-east:a/c599629df45c4794a55daad4835d0856:b209ad37-f8fb-4fc5-9541-0ffc4f4fb7bf::,us-east,job,2026-01-20T14:56:17.183Z,,ibm_fez,0,Laura Azares,,c599629df45c4794a55daad4835d0856
d5npf41h2mqc739cai1g,pending,crn:v1:bluemix:public:quantum-computing:us-east:a/c599629df45c4794a55daad4835d0856:b209ad37-f8fb-4fc5-9541-0ffc4f4fb7bf::,us-east,job,2026-01-20T14:56:16.489Z,,ibm_fez,0,Laura Azares,,c599629df45c4794a55daad4835d0856
d5npf3rh36vs73bjk15g,pending,crn:v1:bluemix:public:quantum-computing:us-east:a/c599629df45c4794a55daad4835d0856:b209ad37-f8fb-4fc5-9541-0ffc4f4fb7bf::,us-east,job,2026-01-20T14:56:15.872Z,,ibm_fez,0,Laura Azares,,c599629df45c4794a55daad4835d0856
d5npf3s8d8hc73ci2o60,pending,crn:v1:bluemix:public:quantum-computing:us-east:a/c599629df45c4794a55daad4835d0856:b209ad37-f8fb-4fc5-9541-0ffc4f4fb7bf::,us-east,job,2026-01-20T14:56:15.339Z,,ibm_fez,0,Laura Azares,,c599629df45c4794a55daad4835d0856
d5npf3hh2mqc739cai0g,pending,crn:v1:bluemix:public:quantum-computing:us-east:a/c599629df45c4794a55daad4835d0856:b209ad37-f8fb-4fc5-9541-0ffc4f4fb7bf::,us-east,job,2026-01-20T14:56:14.816Z,,ibm_fez,0,Laura Azares,,c599629df45c4794a55daad4835d0856
d5npf3jh36vs73bjk140,pending,crn:v1:bluemix:public:quantum-computing:us-east:a/c599629df45c4794a55daad4835d0856:b209ad37-f8fb-4fc5-9541-0ffc4f4fb7bf::,us-east,job,2026-01-20T14:56:14.237Z,,ibm_fez,0,Laura Azares,,c599629df45c4794a55daad4835d0856
d5npf3bh36vs73bjk13g,pending,crn:v1:bluemix:public:quantum-computing:us-east:a/c599629df45c4794a55daad4835d0856:b209ad37-f8fb-4fc5-9541-0ffc4f4fb7bf::,us-east,job,2026-01-20T14:56:13.660Z,,ibm_fez,0,Laura Azares,,c599629df45c4794a55daad4835d0856
d5npf39h2mqc739cahvg,pending,crn:v1:bluemix:public:quantum-computing:us-east:a/c599629df45c4794a55daad4835d0856:b209ad37-f8fb-4fc5-9541-0ffc4f4fb7bf::,us-east,job,2026-01-20T14:56:13.093Z,,ibm_fez,0,Laura Azares,,c599629df45c4794a55daad4835d0856
d5npf359j2ac739m8sjg,pending,crn:v1:bluemix:public:quantum-computing:us-east:a/c599629df45c4794a55daad4835d0856:b209ad37-f8fb-4fc5-9541-0ffc4f4fb7bf::,us-east,job,2026-01-20T14:56:12.545Z,,ibm_fez,0,Laura Azares,,c599629df45c4794a55daad4835d0856
d5npf2s8d8hc73ci2o30,pending,crn:v1:bluemix:public:quantum-computing:us-east:a/c599629df45c4794a55daad4835d0856:b209ad37-f8fb-4fc5-9541-0ffc4f4fb7bf::,us-east,job,2026-01-20T14:56:11.903Z,,ibm_fez,0,Laura Azares,,c599629df45c4794a55daad4835d0856
d5npf2s8d8hc73ci2o2g,pending,crn:v1:bluemix:public:quantum-computing:us-east:a/c599629df45c4794a55daad4835d0856:b209ad37-f8fb-4fc5-9541-0ffc4f4fb7bf::,us-east,job,2026-01-20T14:56:11.339Z,,ibm_fez,0,Laura Azares,,c599629df45c4794a55daad4835d0856
d5npf2jh36vs73bjk11g,pending,crn:v1:bluemix:public:quantum-computing:us-east:a/c599629df45c4794a55daad4835d0856:b209ad37-f8fb-4fc5-9541-0ffc4f4fb7bf::,us-east,job,2026-01-20T14:56:10.488Z,,ibm_fez,0,Laura Azares,,c599629df45c4794a55daad4835d0856
d5npf29h2mqc739caht0,pending,crn:v1:bluemix:public:quantum-computing:us-east:a/c599629df45c4794a55daad4835d0856:b209ad37-f8fb-4fc5-9541-0ffc4f4fb7bf::,us-east,job,2026-01-20T14:56:09.801Z,,ibm_fez,0,Laura Azares,,c599629df45c4794a55daad4835d0856
d5npf2bh36vs73bjk100,pending,crn:v1:bluemix:public:quantum-computing:us-east:a/c599629df45c4794a55daad4835d0856:b209ad37-f8fb-4fc5-9541-0ffc4f4fb7bf::,us-east,job,2026-01-20T14:56:09.091Z,,ibm_fez,0,Laura Azares,,c599629df45c4794a55daad4835d0856
d5npf21h2mqc739cahsg,pending,crn:v1:bluemix:public:quantum-computing:us-east:a/c599629df45c4794a55daad4835d0856:b209ad37-f8fb-4fc5-9541-0ffc4f4fb7bf::,us-east,job,2026-01-20T14:56:08.506Z,,ibm_fez,0,Laura Azares,,c599629df45c4794a55daad4835d0856
d5npf1t9j2ac739m8shg,pending,crn:v1:bluemix:public:quantum-computing:us-east:a/c599629df45c4794a55daad4835d0856:b209ad37-f8fb-4fc5-9541-0ffc4f4fb7bf::,us-east,job,2026-01-20T14:56:07.783Z,,ibm_fez,0,Laura Azares,,c599629df45c4794a55daad4835d0856
d5npf1ph2mqc739cahr0,pending,crn:v1:bluemix:public:quantum-computing:us-east:a/c599629df45c4794a55daad4835d0856:b209ad37-f8fb-4fc5-9541-0ffc4f4fb7bf::,us-east,job,2026-01-20T14:56:07.244Z,,ibm_fez,0,Laura Azares,,c599629df45c4794a55daad4835d0856
d5npf1hh2mqc739cahq0,pending,crn:v1:bluemix:public:quantum-computing:us-east:a/c599629df45c4794a55daad4835d0856:b209ad37-f8fb-4fc5-9541-0ffc4f4fb7bf::,us-east,job,2026-01-20T14:56:06.683Z,,ibm_fez,0,Laura Azares,,c599629df45c4794a55daad4835d0856
d5npf1k8d8hc73ci2nv0,pending,crn:v1:bluemix:public:quantum-computing:us-east:a/c599629df45c4794a55daad4835d0856:b209ad37-f8fb-4fc5-9541-0ffc4f4fb7bf::,us-east,job,2026-01-20T14:56:06.123Z,,ibm_fez,0,Laura Azares,,c599629df45c4794a55daad4835d0856
d5npf1d9j2ac739m8sfg,pending,crn:v1:bluemix:public:quantum-computing:us-east:a/c599629df45c4794a55daad4835d0856:b209ad37-f8fb-4fc5-9541-0ffc4f4fb7bf::,us-east,job,2026-01-20T14:56:05.441Z,,ibm_fez,0,Laura Azares,,c599629df45c4794a55daad4835d0856
d5npf159j2ac739m8sf0,pending,crn:v1:bluemix:public:quantum-computing:us-east:a/c599629df45c4794a55daad4835d0856:b209ad37-f8fb-4fc5-9541-0ffc4f4fb7bf::,us-east,job,2026-01-20T14:56:04.890Z,,ibm_fez,0,Laura Azares,,c599629df45c4794a55daad4835d0856
d5npf11h2mqc739cahog,pending,crn:v1:bluemix:public:quantum-computing:us-east:a/c599629df45c4794a55daad4835d0856:b209ad37-f8fb-4fc5-9541-0ffc4f4fb7bf::,us-east,job,2026-01-20T14:56:04.110Z,,ibm_fez,0,Laura Azares,,c599629df45c4794a55daad4835d0856
d5nnjhjh36vs73bjht9g,completed,crn:v1:bluemix:public:quantum-computing:us-east:a/c599629df45c4794a55daad4835d0856:b209ad37-f8fb-4fc5-9541-0ffc4f4fb7bf::,us-east,job,2026-01-20T12:49:10.805Z,2026-01-20T12:52:58.789Z,ibm_fez,2,Laura Azares,,c599629df45c4794a55daad4835d0856
d5nnjhl9j2ac739m6p40,completed,crn:v1:bluemix:public:quantum-computing:us-east:a/c599629df45c4794a55daad4835d0856:b209ad37-f8fb-4fc5-9541-0ffc4f4fb7bf::,us-east,job,2026-01-20T12:49:10.069Z,2026-01-20T12:52:57.643Z,ibm_fez,2,Laura Azares,,c599629df45c4794a55daad4835d0856
d5nnjh9h2mqc739c8eng,completed,crn:v1:bluemix:public:quantum-computing:us-east:a/c599629df45c4794a55daad4835d0856:b209ad37-f8fb-4fc5-9541-0ffc4f4fb7bf::,us-east,job,2026-01-20T12:49:09.482Z,2026-01-20T12:52:56.501Z,ibm_fez,2,Laura Azares,,c599629df45c4794a55daad4835d0856
d5nnjh48d8hc73ci0j8g,completed,crn:v1:bluemix:public:quantum-computing:us-east:a/c599629df45c4794a55daad4835d0856:b209ad37-f8fb-4fc5-9541-0ffc4f4fb7bf::,us-east,job,2026-01-20T12:49:08.820Z,2026-01-20T12:52:55.273Z,ibm_fez,2,Laura Azares,,c599629df45c4794a55daad4835d0856
d5nnjh48d8hc73ci0j80,completed,crn:v1:bluemix:public:quantum-computing:us-east:a/c599629df45c4794a55daad4835d0856:b209ad37-f8fb-4fc5-9541-0ffc4f4fb7bf::,us-east,job,2026-01-20T12:49:08.247Z,2026-01-20T12:52:54.092Z,ibm_fez,2,Laura Azares,,c599629df45c4794a55daad4835d0856
d5nnjgs8d8hc73ci0j7g,completed,crn:v1:bluemix:public:quantum-computing:us-east:a/c599629df45c4794a55daad4835d0856:b209ad37-f8fb-4fc5-9541-0ffc4f4fb7bf::,us-east,job,2026-01-20T12:49:07.619Z,2026-01-20T12:52:53.090Z,ibm_fez,2,Laura Azares,,c599629df45c4794a55daad4835d0856
d5nnjgl9j2ac739m6p2g,completed,crn:v1:bluemix:public:quantum-computing:us-east:a/c599629df45c4794a55daad4835d0856:b209ad37-f8fb-4fc5-9541-0ffc4f4fb7bf::,us-east,job,2026-01-20T12:49:06.925Z,2026-01-20T12:52:52.066Z,ibm_fez,2,Laura Azares,,c599629df45c4794a55daad4835d0856
d5nnjgjh36vs73bjht70,completed,crn:v1:bluemix:public:quantum-computing:us-east:a/c599629df45c4794a55daad4835d0856:b209ad37-f8fb-4fc5-9541-0ffc4f4fb7bf::,us-east,job,2026-01-20T12:49:06.177Z,2026-01-20T12:52:50.873Z,ibm_fez,2,Laura Azares,,c599629df45c4794a55daad4835d0856
d5nnjgbh36vs73bjht6g,completed,crn:v1:bluemix:public:quantum-computing:us-east:a/c599629df45c4794a55daad4835d0856:b209ad37-f8fb-4fc5-9541-0ffc4f4fb7bf::,us-east,job,2026-01-20T12:49:05.646Z,2026-01-20T12:52:49.681Z,ibm_fez,2,Laura Azares,,c599629df45c4794a55daad4835d0856
d5nnjg9h2mqc739c8em0,completed,crn:v1:bluemix:public:quantum-computing:us-east:a/c599629df45c4794a55daad4835d0856:b209ad37-f8fb-4fc5-9541-0ffc4f4fb7bf::,us-east,job,2026-01-20T12:49:05.043Z,2026-01-20T12:52:47.814Z,ibm_fez,2,Laura Azares,,c599629df45c4794a55daad4835d0856
d5nnjg48d8hc73ci0j60,completed,crn:v1:bluemix:public:quantum-computing:us-east:a/c599629df45c4794a55daad4835d0856:b209ad37-f8fb-4fc5-9541-0ffc4f4fb7bf::,us-east,job,2026-01-20T12:49:04.492Z,2026-01-20T12:52:46.694Z,ibm_fez,2,Laura Azares,,c599629df45c4794a55daad4835d0856
d5nnjft9j2ac739m6p1g,completed,crn:v1:bluemix:public:quantum-computing:us-east:a/c599629df45c4794a55daad4835d0856:b209ad37-f8fb-4fc5-9541-0ffc4f4fb7bf::,us-east,job,2026-01-20T12:49:03.898Z,2026-01-20T12:52:45.738Z,ibm_fez,2,Laura Azares,,c599629df45c4794a55daad4835d0856
d5nnjfph2mqc739c8el0,completed,crn:v1:bluemix:public:quantum-computing:us-east:a/c599629df45c4794a55daad4835d0856:b209ad37-f8fb-4fc5-9541-0ffc4f4fb7bf::,us-east,job,2026-01-20T12:49:03.317Z,2026-01-20T12:52:44.876Z,ibm_fez,2,Laura Azares,,c599629df45c4794a55daad4835d0856
d5nnjfk8d8hc73ci0j50,completed,crn:v1:bluemix:public:quantum-computing:us-east:a/c599629df45c4794a55daad4835d0856:b209ad37-f8fb-4fc5-9541-0ffc4f4fb7bf::,us-east,job,2026-01-20T12:49:02.720Z,2026-01-20T12:52:43.172Z,ibm_fez,2,Laura Azares,,c599629df45c4794a55daad4835d0856
d5nnjfjh36vs73bjht50,completed,crn:v1:bluemix:public:quantum-computing:us-east:a/c599629df45c4794a55daad4835d0856:b209ad37-f8fb-4fc5-9541-0ffc4f4fb7bf::,us-east,job,2026-01-20T12:49:02.124Z,2026-01-20T12:52:42.207Z,ibm_fez,2,Laura Azares,,c599629df45c4794a55daad4835d0856
d5nnjfbh36vs73bjht4g,completed,crn:v1:bluemix:public:quantum-computing:us-east:a/c599629df45c4794a55daad4835d0856:b209ad37-f8fb-4fc5-9541-0ffc4f4fb7bf::,us-east,job,2026-01-20T12:49:01.492Z,2026-01-20T12:52:41.569Z,ibm_fez,2,Laura Azares,,c599629df45c4794a55daad4835d0856
d5nnjf3h36vs73bjht3g,completed,crn:v1:bluemix:public:quantum-computing:us-east:a/c599629df45c4794a55daad4835d0856:b209ad37-f8fb-4fc5-9541-0ffc4f4fb7bf::,us-east,job,2026-01-20T12:49:00.713Z,2026-01-20T12:52:39.986Z,ibm_fez,2,Laura Azares,,c599629df45c4794a55daad4835d0856
d5nnjerh36vs73bjht2g,completed,crn:v1:bluemix:public:quantum-computing:us-east:a/c599629df45c4794a55daad4835d0856:b209ad37-f8fb-4fc5-9541-0ffc4f4fb7bf::,us-east,job,2026-01-20T12:49:00.006Z,2026-01-20T12:52:38.878Z,ibm_fez,2,Laura Azares,,c599629df45c4794a55daad4835d0856
d5nnjeph2mqc739c8ejg,completed,crn:v1:bluemix:public:quantum-computing:us-east:a/c599629df45c4794a55daad4835d0856:b209ad37-f8fb-4fc5-9541-0ffc4f4fb7bf::,us-east,job,2026-01-20T12:48:59.346Z,2026-01-20T12:49:15.187Z,ibm_fez,2,Laura Azares,,c599629df45c4794a55daad4835d0856
d5nnjek8d8hc73ci0j2g,completed,crn:v1:bluemix:public:quantum-computing:us-east:a/c599629df45c4794a55daad4835d0856:b209ad37-f8fb-4fc5-9541-0ffc4f4fb7bf::,us-east,job,2026-01-20T12:48:58.730Z,2026-01-20T12:49:15.202Z,ibm_fez,2,Laura Azares,,c599629df45c4794a55daad4835d0856
d5nnjek8d8hc73ci0j1g,completed,crn:v1:bluemix:public:quantum-computing:us-east:a/c599629df45c4794a55daad4835d0856:b209ad37-f8fb-4fc5-9541-0ffc4f4fb7bf::,us-east,job,2026-01-20T12:48:58.114Z,2026-01-20T12:49:13.598Z,ibm_fez,2,Laura Azares,,c599629df45c4794a55daad4835d0856
d5nnje9h2mqc739c8eig,completed,crn:v1:bluemix:public:quantum-computing:us-east:a/c599629df45c4794a55daad4835d0856:b209ad37-f8fb-4fc5-9541-0ffc4f4fb7bf::,us-east,job,2026-01-20T12:48:57.479Z,2026-01-20T12:49:11.647Z,ibm_fez,2,Laura Azares,,c599629df45c4794a55daad4835d0856
d5nnje59j2ac739m6otg,completed,crn:v1:bluemix:public:quantum-computing:us-east:a/c599629df45c4794a55daad4835d0856:b209ad37-f8fb-4fc5-9541-0ffc4f4fb7bf::,us-east,job,2026-01-20T12:48:56.784Z,2026-01-20T12:49:10.565Z,ibm_fez,2,Laura Azares,,c599629df45c4794a55daad4835d0856
d5nnje3h36vs73bjht0g,completed,crn:v1:bluemix:public:quantum-computing:us-east:a/c599629df45c4794a55daad4835d0856:b209ad37-f8fb-4fc5-9541-0ffc4f4fb7bf::,us-east,job,2026-01-20T12:48:56.220Z,2026-01-20T12:49:09.558Z,ibm_fez,2,Laura Azares,,c599629df45c4794a55daad4835d0856
d5nnjds8d8hc73ci0j0g,completed,crn:v1:bluemix:public:quantum-computing:us-east:a/c599629df45c4794a55daad4835d0856:b209ad37-f8fb-4fc5-9541-0ffc4f4fb7bf::,us-east,job,2026-01-20T12:48:55.678Z,2026-01-20T12:49:08.299Z,ibm_fez,2,Laura Azares,,c599629df45c4794a55daad4835d0856
d5nnjdph2mqc739c8egg,completed,crn:v1:bluemix:public:quantum-computing:us-east:a/c599629df45c4794a55daad4835d0856:b209ad37-f8fb-4fc5-9541-0ffc4f4fb7bf::,us-east,job,2026-01-20T12:48:55.074Z,2026-01-20T12:49:07.176Z,ibm_fez,2,Laura Azares,,c599629df45c4794a55daad4835d0856
d5nnjdl9j2ac739m6osg,completed,crn:v1:bluemix:public:quantum-computing:us-east:a/c599629df45c4794a55daad4835d0856:b209ad37-f8fb-4fc5-9541-0ffc4f4fb7bf::,us-east,job,2026-01-20T12:48:54.499Z,2026-01-20T12:49:06.167Z,ibm_fez,2,Laura Azares,,c599629df45c4794a55daad4835d0856
d5nnjd9h2mqc739c8eg0,completed,crn:v1:bluemix:public:quantum-computing:us-east:a/c599629df45c4794a55daad4835d0856:b209ad37-f8fb-4fc5-9541-0ffc4f4fb7bf::,us-east,job,2026-01-20T12:48:53.926Z,2026-01-20T12:49:05.018Z,ibm_fez,2,Laura Azares,,c599629df45c4794a55daad4835d0856
d5nnjdd9j2ac739m6os0,completed,crn:v1:bluemix:public:quantum-computing:us-east:a/c599629df45c4794a55daad4835d0856:b209ad37-f8fb-4fc5-9541-0ffc4f4fb7bf::,us-east,job,2026-01-20T12:48:53.283Z,2026-01-20T12:49:04.023Z,ibm_fez,2,Laura Azares,,c599629df45c4794a55daad4835d0856
d5nnjd48d8hc73ci0iug,completed,crn:v1:bluemix:public:quantum-computing:us-east:a/c599629df45c4794a55daad4835d0856:b209ad37-f8fb-4fc5-9541-0ffc4f4fb7bf::,us-east,job,2026-01-20T12:48:52.645Z,2026-01-20T12:49:02.817Z,ibm_fez,2,Laura Azares,,c599629df45c4794a55daad4835d0856
d5nnjcrh36vs73bjhsug,completed,crn:v1:bluemix:public:quantum-computing:us-east:a/c599629df45c4794a55daad4835d0856:b209ad37-f8fb-4fc5-9541-0ffc4f4fb7bf::,us-east,job,2026-01-20T12:48:52.021Z,2026-01-20T12:49:01.871Z,ibm_fez,2,Laura Azares,,c599629df45c4794a55daad4835d0856
d5nnjcs8d8hc73ci0itg,completed,crn:v1:bluemix:public:quantum-computing:us-east:a/c599629df45c4794a55daad4835d0856:b209ad37-f8fb-4fc5-9541-0ffc4f4fb7bf::,us-east,job,2026-01-20T12:48:51.131Z,2026-01-20T12:49:00.767Z,ibm_fez,2,Laura Azares,,c599629df45c4794a55daad4835d0856
d5nnjck8d8hc73ci0it0,completed,crn:v1:bluemix:public:quantum-computing:us-east:a/c599629df45c4794a55daad4835d0856:b209ad37-f8fb-4fc5-9541-0ffc4f4fb7bf::,us-east,job,2026-01-20T12:48:50.519Z,2026-01-20T12:48:59.494Z,ibm_fez,2,Laura Azares,,c599629df45c4794a55daad4835d0856
d5nnjcd9j2ac739m6oq0,completed,crn:v1:bluemix:public:quantum-computing:us-east:a/c599629df45c4794a55daad4835d0856:b209ad37-f8fb-4fc5-9541-0ffc4f4fb7bf::,us-east,job,2026-01-20T12:48:49.861Z,2026-01-20T12:48:58.606Z,ibm_fez,2,Laura Azares,,c599629df45c4794a55daad4835d0856
d5nnjcd9j2ac739m6opg,completed,crn:v1:bluemix:public:quantum-computing:us-east:a/c599629df45c4794a55daad4835d0856:b209ad37-f8fb-4fc5-9541-0ffc4f4fb7bf::,us-east,job,2026-01-20T12:48:49.184Z,2026-01-20T12:48:57.500Z,ibm_fez,2,Laura Azares,,c599629df45c4794a55daad4835d0856
d5nnjc59j2ac739m6oog,completed,crn:v1:bluemix:public:quantum-computing:us-east:a/c599629df45c4794a55daad4835d0856:b209ad37-f8fb-4fc5-9541-0ffc4f4fb7bf::,us-east,job,2026-01-20T12:48:48.566Z,2026-01-20T12:48:56.241Z,ibm_fez,2,Laura Azares,,c599629df45c4794a55daad4835d0856
d5nnjbrh36vs73bjhst0,completed,crn:v1:bluemix:public:quantum-computing:us-east:a/c599629df45c4794a55daad4835d0856:b209ad37-f8fb-4fc5-9541-0ffc4f4fb7bf::,us-east,job,2026-01-20T12:48:48.007Z,2026-01-20T12:48:55.318Z,ibm_fez,2,Laura Azares,,c599629df45c4794a55daad4835d0856
d5nnjbrh36vs73bjhssg,completed,crn:v1:bluemix:public:quantum-computing:us-east:a/c599629df45c4794a55daad4835d0856:b209ad37-f8fb-4fc5-9541-0ffc4f4fb7bf::,us-east,job,2026-01-20T12:48:47.170Z,2026-01-20T12:48:54.190Z,ibm_fez,2,Laura Azares,,c599629df45c4794a55daad4835d0856
d5nnjbl9j2ac739m6oo0,completed,crn:v1:bluemix:public:quantum-computing:us-east:a/c599629df45c4794a55daad4835d0856:b209ad37-f8fb-4fc5-9541-0ffc4f4fb7bf::,us-east,job,2026-01-20T12:48:46.530Z,2026-01-20T12:48:53.001Z,ibm_fez,2,Laura Azares,,c599629df45c4794a55daad4835d0856
d5nnjbbh36vs73bjhss0,completed,crn:v1:bluemix:public:quantum-computing:us-east:a/c599629df45c4794a55daad4835d0856:b209ad37-f8fb-4fc5-9541-0ffc4f4fb7bf::,us-east,job,2026-01-20T12:48:45.852Z,2026-01-20T12:48:51.994Z,ibm_fez,2,Laura Azares,,c599629df45c4794a55daad4835d0856
d5nnjbc8d8hc73ci0ir0,completed,crn:v1:bluemix:public:quantum-computing:us-east:a/c599629df45c4794a55daad4835d0856:b209ad37-f8fb-4fc5-9541-0ffc4f4fb7bf::,us-east,job,2026-01-20T12:48:45.312Z,2026-01-20T12:48:51.003Z,ibm_fez,2,Laura Azares,,c599629df45c4794a55daad4835d0856
d5nnjb48d8hc73ci0iqg,completed,crn:v1:bluemix:public:quantum-computing:us-east:a/c599629df45c4794a55daad4835d0856:b209ad37-f8fb-4fc5-9541-0ffc4f4fb7bf::,us-east,job,2026-01-20T12:48:44.680Z,2026-01-20T12:48:49.720Z,ibm_fez,2,Laura Azares,,c599629df45c4794a55daad4835d0856
d5nnjat9j2ac739m6omg,completed,crn:v1:bluemix:public:quantum-computing:us-east:a/c599629df45c4794a55daad4835d0856:b209ad37-f8fb-4fc5-9541-0ffc4f4fb7bf::,us-east,job,2026-01-20T12:48:43.670Z,2026-01-20T12:48:48.750Z,ibm_fez,2,Laura Azares,,c599629df45c4794a55daad4835d0856
d5nnjajh36vs73bjhspg,completed,crn:v1:bluemix:public:quantum-computing:us-east:a/c599629df45c4794a55daad4835d0856:b209ad37-f8fb-4fc5-9541-0ffc4f4fb7bf::,us-east,job,2026-01-20T12:48:42.975Z,2026-01-20T12:48:47.863Z,ibm_fez,2,Laura Azares,,c599629df45c4794a55daad4835d0856
d5nnjajh36vs73bjhsog,completed,crn:v1:bluemix:public:quantum-computing:us-east:a/c599629df45c4794a55daad4835d0856:b209ad37-f8fb-4fc5-9541-0ffc4f4fb7bf::,us-east,job,2026-01-20T12:48:42.380Z,2026-01-20T12:48:46.227Z,ibm_fez,2,Laura Azares,,c599629df45c4794a55daad4835d0856